-- Тестовые данные для ИС «Дверной Достык».
-- Пароли сотрудников задаются на старте API (SeedPasswords в backend/internal/db/db.go).

BEGIN;

TRUNCATE TABLE
    receipt,
    sale,
    "order",
    product,
    customer,
    supplier,
    category,
    "user"
RESTART IDENTITY CASCADE;

-- =============================================================================
-- 1. Категория
-- =============================================================================
INSERT INTO category (category_id, category_name, category_description) VALUES
(1, 'Входные двери', 'Металлические и утеплённые входные двери'),
(2, 'Межкомнатные двери', 'Двери для жилых помещений'),
(3, 'Фурнитура', 'Ручки, замки, комплекты фурнитуры'),
(4, 'Комплектующие', 'Наличники, пена, петли, короба');

-- =============================================================================
-- 2. Поставщик
-- =============================================================================
INSERT INTO supplier (supplier_id, organization_name, supplier_address, supplier_phone_number) VALUES
(1, 'ООО "BRAVO DOORS"', 'г. Москва, ул. Энергетиков, д. 22', '+74954017456'),
(2, 'ИП Гусев М.В.', 'г. Москва, ул. Складская, 5', '+74953334402'),
(3, 'ООО "СОМ"', 'г. Москва, ул. Промышленная, 12', '+74951112201'),
(4, 'ООО "ДверьКомплект"', 'г. Москва, ул. Монтажная, 9', '+74952223344'),
(5, 'ООО "ЛесПромТорг"', 'г. Москва, ул. Производственная, 18', '+74956667788');

-- =============================================================================
-- 3. Пользователь (сотрудники; клиенты создаются через регистрацию/админку)
-- =============================================================================
INSERT INTO "user" (user_id, user_full_name, user_login, user_role) VALUES
(1, 'Иноземцев Алексей Иванович', 'admin', 'administrator'),
(2, 'Куклачев Сергей Николаевич', 'seller', 'seller'),
(3, 'Иваньков Игорь Петрович', 'storekeeper', 'storekeeper');

-- =============================================================================
-- 4. Товар
-- =============================================================================
INSERT INTO product (
    product_id, category_id, product_name, product_description,
    product_dimensions, product_purchase_price, product_retail_price
) VALUES
(1, 1, 'Дверь входная «Эконом»', 'Оцинкованная, утеплитель 20 мм', '2050×860', 11200.00, 14900.00),
(2, 1, 'Дверь входная «Стандарт»', 'Два замка, утеплитель 40 мм', '2050×960', 13800.00, 18500.00),
(3, 1, 'Дверь входная «Термо»', 'Трёхконтурное уплотнение', '2100×960', 19200.00, 24900.00),
(4, 1, 'Дверь входная «Премиум»', 'Зеркало, электронный глазок', '2100×1000', 25000.00, 32000.00),
(5, 2, 'Дверь межкомнатная «Лайт»', 'ДВП, белый матовый', '2000×700', 5400.00, 7200.00),
(6, 2, 'Дверь межкомнатная «Классик»', 'МДФ, дуб светлый', '2000×800', 6700.00, 8900.00),
(7, 2, 'Дверь межкомнатная «Остеклённая»', 'Матовое стекло', '2000×700', 8400.00, 11200.00),
(8, 3, 'Ручка дверная «Хром»', 'На розетке, нержавеющая сталь', NULL, 850.00, 1200.00),
(9, 3, 'Замок врезной «Барьер»', 'Цилиндр 60 мм', NULL, 1950.00, 2800.00),
(10, 3, 'Комплект фурнитуры «Премиум»', 'Ручка + замок + накладки', NULL, 2400.00, 3400.00),
(11, 4, 'Наличник МДФ 2.1 м', 'Белый, комплект 2 шт.', '2100 мм', 280.00, 450.00),
(12, 4, 'Пена монтажная 750 мл', 'Профессиональная, всесезонная', '750 мл', 210.00, 320.00),
(13, 4, 'Петли универсальные 2 шт.', 'Сталь 3D-регулировка', NULL, 620.00, 890.00),
(14, 1, 'Дверь входная «Комфорт»', 'Утеплитель 50 мм, два контура', '2050×900', 16500.00, 21500.00),
(15, 2, 'Дверь межкомнатная «Венге»', 'Шпон венге, матовый лак', '2000×800', 7200.00, 9600.00),
(16, 3, 'Доводчик дверной «Стоп»', 'Регулируемый, до 80 кг', NULL, 1100.00, 1650.00),
(17, 1, 'Дверь входная «Сигма»', 'Порошковая окраска, утеплитель 30 мм', '2050×880', 12500.00, 16800.00),
(18, 2, 'Дверь межкомнатная «Альфа»', 'Экошпон, цвет орех', '2000×800', 6100.00, 8200.00),
(19, 4, 'Короб дверной «Стандарт»', 'МДФ, комплект 3 шт.', '2100 мм', 950.00, 1350.00);

-- =============================================================================
-- 5. Поступление
-- =============================================================================
INSERT INTO receipt (
    receipt_id, supplier_id, user_id, product_id,
    receipt_date, receipt_quantity, receipt_purchase_price
) VALUES
(1, 1, 3, 1, '2026-05-02', 15, 11200.00),
(2, 1, 3, 2, '2026-05-02', 12, 13800.00),
(3, 1, 3, 3, '2026-05-03', 8, 19200.00),
(4, 1, 3, 4, '2026-05-03', 5, 25000.00),
(5, 2, 3, 5, '2026-05-05', 20, 5400.00),
(6, 2, 3, 6, '2026-05-05', 18, 6700.00),
(7, 2, 3, 7, '2026-05-06', 10, 8400.00),
(8, 3, 3, 8, '2026-05-08', 50, 850.00),
(9, 3, 3, 9, '2026-05-08', 30, 1950.00),
(10, 3, 3, 10, '2026-05-09', 25, 2400.00),
(11, 3, 3, 11, '2026-05-09', 40, 280.00),
(12, 3, 3, 12, '2026-05-10', 60, 210.00),
(13, 3, 3, 13, '2026-05-10', 35, 620.00),
(14, 1, 3, 2, '2026-05-20', 5, 13800.00),
(15, 2, 3, 5, '2026-05-21', 10, 5400.00),
(16, 1, 3, 14, '2026-05-22', 6, 16500.00),
(17, 2, 3, 15, '2026-05-23', 12, 7200.00),
(18, 3, 3, 16, '2026-05-24', 20, 1100.00),
(19, 1, 3, 17, '2026-05-25', 10, 12500.00),
(20, 2, 3, 18, '2026-05-25', 14, 6100.00),
(21, 3, 3, 19, '2026-05-26', 25, 950.00);

-- =============================================================================
-- 6. Продажа
-- =============================================================================
INSERT INTO sale (
    sale_id, order_id, product_id, user_id,
    sale_date, sale_quantity, sale_price
) VALUES
(1, NULL, 1, 2, '2026-05-04', 2, 14900.00),
(2, NULL, 2, 2, '2026-05-05', 3, 18500.00),
(3, NULL, 2, 2, '2026-05-07', 1, 18200.00),
(4, NULL, 3, 2, '2026-05-08', 2, 24900.00),
(5, NULL, 5, 2, '2026-05-09', 5, 7200.00),
(6, NULL, 5, 2, '2026-05-10', 8, 7100.00),
(7, NULL, 6, 2, '2026-05-11', 4, 8900.00),
(8, NULL, 6, 2, '2026-05-12', 6, 8800.00),
(9, NULL, 7, 2, '2026-05-13', 3, 11200.00),
(10, NULL, 8, 2, '2026-05-14', 12, 1200.00),
(11, NULL, 9, 2, '2026-05-15', 8, 2800.00),
(12, NULL, 10, 2, '2026-05-16', 10, 3400.00),
(13, NULL, 11, 2, '2026-05-17', 15, 450.00),
(14, NULL, 12, 2, '2026-05-18', 25, 320.00),
(15, NULL, 13, 2, '2026-05-19', 10, 890.00),
(16, NULL, 1, 2, '2026-05-20', 1, 14800.00),
(17, NULL, 4, 2, '2026-05-22', 1, 31500.00),
(18, NULL, 7, 2, '2026-05-24', 2, 11000.00),
(19, NULL, 3, 2, '2026-05-25', 1, 24500.00),
(20, NULL, 6, 2, '2026-05-28', 2, 9000.00),
(21, NULL, 2, 2, '2026-04-22', 2, 18500.00),
(22, NULL, 5, 2, '2026-04-28', 3, 7200.00),
(23, NULL, 5, 2, '2026-05-26', 12, 7200.00),
(24, NULL, 10, 2, '2026-05-27', 12, 3400.00),
(25, NULL, 11, 2, '2026-05-27', 25, 450.00),
(26, NULL, 12, 2, '2026-05-29', 31, 320.00);

SELECT setval(pg_get_serial_sequence('category', 'category_id'),
              (SELECT COALESCE(MAX(category_id), 1) FROM category));
SELECT setval(pg_get_serial_sequence('supplier', 'supplier_id'),
              (SELECT COALESCE(MAX(supplier_id), 1) FROM supplier));
SELECT setval(pg_get_serial_sequence('"user"', 'user_id'),
              (SELECT COALESCE(MAX(user_id), 1) FROM "user"));
SELECT setval(pg_get_serial_sequence('product', 'product_id'),
              (SELECT COALESCE(MAX(product_id), 1) FROM product));
SELECT setval(pg_get_serial_sequence('receipt', 'receipt_id'),
              (SELECT COALESCE(MAX(receipt_id), 1) FROM receipt));
SELECT setval(pg_get_serial_sequence('sale', 'sale_id'),
              (SELECT COALESCE(MAX(sale_id), 1) FROM sale));

COMMIT;
